picId,clientId,name,unidade,quantidade_linhas_unidade,lat,lon,init_time,forecast_horizon_hours,forecast_timestamp,ensemble_member,temperature_c,precipitation_6hr_mm,wind_speed_10m_ms,sea_level_pressure_pa
25665,2314,UAE_440010,UAE,13,-17.66004,-52.3381,2026-09-17 06:00:00,6,2026-09-17 12:00:00,0,23.5,0.003,1.68,102034.4
25665,2314,UAE_440010,UAE,13,-17.66004,-52.3381,2026-09-17 06:00:00,6,2026-09-17 12:00:00,1,24.4,0.0,1.58,102027.7
25665,2314,UAE_440010,UAE,13,-17.66004,-52.3381,2026-09-17 06:00:00,6,2026-09-17 12:00:00,2,23.88,0.0,3.28,102011.8
25665,2314,UAE_440010,UAE,13,-17.66004,-52.3381,2026-09-17 06:00:00,6,2026-09-17 12:00:00,3,24.32,0.0,2.84,102020.7
25665,2314,UAE_440010,UAE,13,-17.66004,-52.3381,2026-09-17 06:00:00,6,2026-09-17 12:00:00,4,24.6,0.001,1.73,101992.7
25665,2314,UAE_440010,UAE,13,-17.66004,-52.3381,2026-09-17 06:00:00,6,2026-09-17 12:00:00,5,24.64,0.0,1.18,101995.7
25665,2314,UAE_440010,UAE,13,-17.66004,-52.3381,2026-09-17 06:00:00,6,2026-09-17 12:00:00,6,24.64,0.0,1.83,101980.0
25665,2314,UAE_440010,UAE,13,-17.66004,-52.3381,2026-09-17 06:00:00,6,2026-09-17 12:00:00,7,24.32,0.001,2.1,102011.8
25665,2314,UAE_440010,UAE,13,-17.66004,-52.3381,2026-09-17 06:00:00,6,2026-09-17 12:00:00,8,23.38,0.0,1.72,102043.1
25665,2314,UAE_440010,UAE,13,-17.66004,-52.3381,2026-09-17 06:00:00,6,2026-09-17 12:00:00,9,24.55,0.0,2.5,101988.3
25665,2314,UAE_440010,UAE,13,-17.66004,-52.3381,2026-09-17 06:00:00,6,2026-09-17 12:00:00,10,24.09,0.0,2.22,102010.7
25665,2314,UAE_440010,UAE,13,-17.66004,-52.3381,2026-09-17 06:00:00,6,2026-09-17 12:00:00,11,24.15,0.0,1.7,101998.6
25665,2314,UAE_440010,UAE,13,-17.66004,-52.3381,2026-09-17 06:00:00,6,2026-09-17 12:00:00,12,23.12,0.002,1.95,102049.6
25665,2314,UAE_440010,UAE,13,-17.66004,-52.3381,2026-09-17 06:00:00,6,2026-09-17 12:00:00,13,25.09,0.0,1.97,102029.1
25665,2314,UAE_440010,UAE,13,-17.66004,-52.3381,2026-09-17 06:00:00,6,2026-09-17 12:00:00,14,23.83,0.0,2.69,102010.7
25665,2314,UAE_440010,UAE,13,-17.66004,-52.3381,2026-09-17 06:00:00,6,2026-09-17 12:00:00,15,24.35,0.0,2.58,102011.5
25665,2314,UAE_440010,UAE,13,-17.66004,-52.3381,2026-09-17 06:00:00,6,2026-09-17 12:00:00,16,24.13,0.0,2.46,102006.0
25665,2314,UAE_440010,UAE,13,-17.66004,-52.3381,2026-09-17 06:00:00,6,2026-09-17 12:00:00,17,23.38,0.002,2.57,101992.0
25665,2314,UAE_440010,UAE,13,-17.66004,-52.3381,2026-09-17 06:00:00,6,2026-09-17 12:00:00,18,25.25,0.0,3.09,101957.8
25665,2314,UAE_440010,UAE,13,-17.66004,-52.3381,2026-09-17 06:00:00,6,2026-09-17 12:00:00,19,23.97,0.02,2.76,102013.1
25665,2314,UAE_440010,UAE,13,-17.66004,-52.3381,2026-09-17 06:00:00,6,2026-09-17 12:00:00,20,23.22,0.001,0.99,102022.8
25665,2314,UAE_440010,UAE,13,-17.66004,-52.3381,2026-09-17 06:00:00,6,2026-09-17 12:00:00,21,24.96,0.011,1.7,101997.8
25665,2314,UAE_440010,UAE,13,-17.66004,-52.3381,2026-09-17 06:00:00,6,2026-09-17 12:00:00,22,25.25,0.0,2.94,101966.3
25665,2314,UAE_440010,UAE,13,-17.66004,-52.3381,2026-09-17 06:00:00,6,2026-09-17 12:00:00,23,23.93,0.001,2.17,101975.8
25665,2314,UAE_440010,UAE,13,-17.66004,-52.3381,2026-09-17 06:00:00,6,2026-09-17 12:00:00,24,25.19,0.002,2.93,101969.9
25665,2314,UAE_440010,UAE,13,-17.66004,-52.3381,2026-09-17 06:00:00,6,2026-09-17 12:00:00,25,24.73,0.001,2.11,101990.1
25665,2314,UAE_440010,UAE,13,-17.66004,-52.3381,2026-09-17 06:00:00,6,2026-09-17 12:00:00,26,24.36,0.001,2.43,101982.3
25665,2314,UAE_440010,UAE,13,-17.66004,-52.3381,2026-09-17 06:00:00,6,2026-09-17 12:00:00,27,24.01,0.011,2.74,102036.9
25665,2314,UAE_440010,UAE,13,-17.66004,-52.3381,2026-09-17 06:00:00,6,2026-09-17 12:00:00,28,25.02,0.0,1.68,101983.5
25665,2314,UAE_440010,UAE,13,-17.66004,-52.3381,2026-09-17 06:00:00,6,2026-09-17 12:00:00,29,23.5,0.006,2.94,102028.1
25665,2314,UAE_440010,UAE,13,-17.66004,-52.3381,2026-09-17 06:00:00,6,2026-09-17 12:00:00,30,23.75,0.0,2.63,101991.0
25665,2314,UAE_440010,UAE,13,-17.66004,-52.3381,2026-09-17 06:00:00,6,2026-09-17 12:00:00,31,23.38,0.001,2.98,102005.5
25665,2314,UAE_440010,UAE,13,-17.66004,-52.3381,2026-09-17 06:00:00,6,2026-09-17 12:00:00,32,25.02,0.0,2.4,101981.9
25665,2314,UAE_440010,UAE,13,-17.66004,-52.3381,2026-09-17 06:00:00,6,2026-09-17 12:00:00,33,23.86,0.0,2.18,101993.6
25665,2314,UAE_440010,UAE,13,-17.66004,-52.3381,2026-09-17 06:00:00,6,2026-09-17 12:00:00,34,23.89,0.0,1.74,102030.3
25665,2314,UAE_440010,UAE,13,-17.66004,-52.3381,2026-09-17 06:00:00,6,2026-09-17 12:00:00,35,24.47,0.0,2.27,102006.5
25665,2314,UAE_440010,UAE,13,-17.66004,-52.3381,2026-09-17 06:00:00,6,2026-09-17 12:00:00,36,24.79,0.0,2.7,101996.5
25665,2314,UAE_440010,UAE,13,-17.66004,-52.3381,2026-09-17 06:00:00,6,2026-09-17 12:00:00,37,26.06,0.0,2.66,101965.6
25665,2314,UAE_440010,UAE,13,-17.66004,-52.3381,2026-09-17 06:00:00,6,2026-09-17 12:00:00,38,24.06,0.0,2.36,102047.9
25665,2314,UAE_440010,UAE,13,-17.66004,-52.3381,2026-09-17 06:00:00,6,2026-09-17 12:00:00,39,23.88,0.0,2.26,102027.2
25665,2314,UAE_440010,UAE,13,-17.66004,-52.3381,2026-09-17 06:00:00,6,2026-09-17 12:00:00,40,24.42,0.0,1.87,102000.6
25665,2314,UAE_440010,UAE,13,-17.66004,-52.3381,2026-09-17 06:00:00,6,2026-09-17 12:00:00,41,24.23,0.0,1.82,102016.4
25665,2314,UAE_440010,UAE,13,-17.66004,-52.3381,2026-09-17 06:00:00,6,2026-09-17 12:00:00,42,23.67,0.0,2.39,102003.6
25665,2314,UAE_440010,UAE,13,-17.66004,-52.3381,2026-09-17 06:00:00,6,2026-09-17 12:00:00,43,24.82,0.0,1.56,101973.0
25665,2314,UAE_440010,UAE,13,-17.66004,-52.3381,2026-09-17 06:00:00,6,2026-09-17 12:00:00,44,24.37,0.0,2.21,101981.4
25665,2314,UAE_440010,UAE,13,-17.66004,-52.3381,2026-09-17 06:00:00,6,2026-09-17 12:00:00,45,24.08,0.0,2.3,102033.7
25665,2314,UAE_440010,UAE,13,-17.66004,-52.3381,2026-09-17 06:00:00,6,2026-09-17 12:00:00,46,23.94,0.014,2.45,101994.2
25665,2314,UAE_440010,UAE,13,-17.66004,-52.3381,2026-09-17 06:00:00,6,2026-09-17 12:00:00,47,24.85,0.0,2.24,101999.9
25665,2314,UAE_440010,UAE,13,-17.66004,-52.3381,2026-09-17 06:00:00,6,2026-09-17 12:00:00,48,24.41,0.0,2.3,101982.6
25665,2314,UAE_440010,UAE,13,-17.66004,-52.3381,2026-09-17 06:00:00,6,2026-09-17 12:00:00,49,24.23,0.002,2.13,102029.3
25665,2314,UAE_440010,UAE,13,-17.66004,-52.3381,2026-09-17 06:00:00,6,2026-09-17 12:00:00,50,23.9,0.004,1.63,102026.8
25665,2314,UAE_440010,UAE,13,-17.66004,-52.3381,2026-09-17 06:00:00,6,2026-09-17 12:00:00,51,24.81,0.001,2.37,101994.2
25665,2314,UAE_440010,UAE,13,-17.66004,-52.3381,2026-09-17 06:00:00,6,2026-09-17 12:00:00,52,24.28,0.0,0.61,102023.0
25665,2314,UAE_440010,UAE,13,-17.66004,-52.3381,2026-09-17 06:00:00,6,2026-09-17 12:00:00,53,24.44,0.0,2.5,102016.3
25665,2314,UAE_440010,UAE,13,-17.66004,-52.3381,2026-09-17 06:00:00,6,2026-09-17 12:00:00,54,24.39,0.002,2.42,102005.4
25665,2314,UAE_440010,UAE,13,-17.66004,-52.3381,2026-09-17 06:00:00,6,2026-09-17 12:00:00,55,24.32,0.0,2.46,101986.4
25665,2314,UAE_440010,UAE,13,-17.66004,-52.3381,2026-09-17 06:00:00,6,2026-09-17 12:00:00,56,25.4,0.002,2.07,101980.5
25665,2314,UAE_440010,UAE,13,-17.66004,-52.3381,2026-09-17 06:00:00,6,2026-09-17 12:00:00,57,25.13,0.0,2.1,101969.5
25665,2314,UAE_440010,UAE,13,-17.66004,-52.3381,2026-09-17 06:00:00,6,2026-09-17 12:00:00,58,24.0,0.0,2.17,102043.8
25665,2314,UAE_440010,UAE,13,-17.66004,-52.3381,2026-09-17 06:00:00,6,2026-09-17 12:00:00,59,23.72,0.0,2.64,102027.1
25665,2314,UAE_440010,UAE,13,-17.66004,-52.3381,2026-09-17 06:00:00,6,2026-09-17 12:00:00,60,24.11,0.0,2.33,102023.8
25665,2314,UAE_440010,UAE,13,-17.66004,-52.3381,2026-09-17 06:00:00,6,2026-09-17 12:00:00,61,25.11,0.009,3.09,101974.1
25665,2314,UAE_440010,UAE,13,-17.66004,-52.3381,2026-09-17 06:00:00,6,2026-09-17 12:00:00,62,23.8,0.0,2.0,102013.6
25665,2314,UAE_440010,UAE,13,-17.66004,-52.3381,2026-09-17 06:00:00,6,2026-09-17 12:00:00,63,24.17,0.0,2.03,102019.2
25665,2314,UAE_440010,UAE,13,-17.66004,-52.3381,2026-09-17 06:00:00,12,2026-09-17 18:00:00,0,34.68,0.0,1.99,101395.4
25665,2314,UAE_440010,UAE,13,-17.66004,-52.3381,2026-09-17 06:00:00,12,2026-09-17 18:00:00,1,34.42,0.0,1.23,101422.9
25665,2314,UAE_440010,UAE,13,-17.66004,-52.3381,2026-09-17 06:00:00,12,2026-09-17 18:00:00,2,33.98,0.0,1.58,101457.2
25665,2314,UAE_440010,UAE,13,-17.66004,-52.3381,2026-09-17 06:00:00,12,2026-09-17 18:00:00,3,34.31,0.0,1.65,101431.2
25665,2314,UAE_440010,UAE,13,-17.66004,-52.3381,2026-09-17 06:00:00,12,2026-09-17 18:00:00,4,34.5,0.0,1.86,101440.5
25665,2314,UAE_440010,UAE,13,-17.66004,-52.3381,2026-09-17 06:00:00,12,2026-09-17 18:00:00,5,34.14,0.0,1.16,101434.1
25665,2314,UAE_440010,UAE,13,-17.66004,-52.3381,2026-09-17 06:00:00,12,2026-09-17 18:00:00,6,34.62,0.0,2.09,101426.3
25665,2314,UAE_440010,UAE,13,-17.66004,-52.3381,2026-09-17 06:00:00,12,2026-09-17 18:00:00,7,34.56,0.0,2.06,101437.4
25665,2314,UAE_440010,UAE,13,-17.66004,-52.3381,2026-09-17 06:00:00,12,2026-09-17 18:00:00,8,33.56,0.0,1.07,101493.6
25665,2314,UAE_440010,UAE,13,-17.66004,-52.3381,2026-09-17 06:00:00,12,2026-09-17 18:00:00,9,33.82,0.0,1.42,101430.3
25665,2314,UAE_440010,UAE,13,-17.66004,-52.3381,2026-09-17 06:00:00,12,2026-09-17 18:00:00,10,33.87,0.003,1.47,101443.2
25665,2314,UAE_440010,UAE,13,-17.66004,-52.3381,2026-09-17 06:00:00,12,2026-09-17 18:00:00,11,34.19,0.0,1.83,101424.7
25665,2314,UAE_440010,UAE,13,-17.66004,-52.3381,2026-09-17 06:00:00,12,2026-09-17 18:00:00,12,33.39,0.0,1.6,101492.2
25665,2314,UAE_440010,UAE,13,-17.66004,-52.3381,2026-09-17 06:00:00,12,2026-09-17 18:00:00,13,33.47,0.0,1.91,101495.5
25665,2314,UAE_440010,UAE,13,-17.66004,-52.3381,2026-09-17 06:00:00,12,2026-09-17 18:00:00,14,33.29,0.0,1.2,101475.4
25665,2314,UAE_440010,UAE,13,-17.66004,-52.3381,2026-09-17 06:00:00,12,2026-09-17 18:00:00,15,33.89,0.0,1.39,101455.5
25665,2314,UAE_440010,UAE,13,-17.66004,-52.3381,2026-09-17 06:00:00,12,2026-09-17 18:00:00,16,34.23,0.0,2.42,101462.7
25665,2314,UAE_440010,UAE,13,-17.66004,-52.3381,2026-09-17 06:00:00,12,2026-09-17 18:00:00,17,33.43,0.003,2.18,101454.6
25665,2314,UAE_440010,UAE,13,-17.66004,-52.3381,2026-09-17 06:00:00,12,2026-09-17 18:00:00,18,34.97,0.0,1.69,101406.1
25665,2314,UAE_440010,UAE,13,-17.66004,-52.3381,2026-09-17 06:00:00,12,2026-09-17 18:00:00,19,33.5,0.022,0.64,101476.0
25665,2314,UAE_440010,UAE,13,-17.66004,-52.3381,2026-09-17 06:00:00,12,2026-09-17 18:00:00,20,33.89,0.002,2.82,101452.3
25665,2314,UAE_440010,UAE,13,-17.66004,-52.3381,2026-09-17 06:00:00,12,2026-09-17 18:00:00,21,33.23,0.042,1.24,101501.8
25665,2314,UAE_440010,UAE,13,-17.66004,-52.3381,2026-09-17 06:00:00,12,2026-09-17 18:00:00,22,34.38,0.0,2.04,101450.2
25665,2314,UAE_440010,UAE,13,-17.66004,-52.3381,2026-09-17 06:00:00,12,2026-09-17 18:00:00,23,34.07,0.0,1.15,101419.1
25665,2314,UAE_440010,UAE,13,-17.66004,-52.3381,2026-09-17 06:00:00,12,2026-09-17 18:00:00,24,34.46,0.0,1.12,101431.0
25665,2314,UAE_440010,UAE,13,-17.66004,-52.3381,2026-09-17 06:00:00,12,2026-09-17 18:00:00,25,34.04,0.0,1.82,101466.5
25665,2314,UAE_440010,UAE,13,-17.66004,-52.3381,2026-09-17 06:00:00,12,2026-09-17 18:00:00,26,33.36,0.134,2.16,101492.7
25665,2314,UAE_440010,UAE,13,-17.66004,-52.3381,2026-09-17 06:00:00,12,2026-09-17 18:00:00,27,33.64,0.0,1.9,101440.3
25665,2314,UAE_440010,UAE,13,-17.66004,-52.3381,2026-09-17 06:00:00,12,2026-09-17 18:00:00,28,34.09,0.0,2.27,101438.5
25665,2314,UAE_440010,UAE,13,-17.66004,-52.3381,2026-09-17 06:00:00,12,2026-09-17 18:00:00,29,33.74,0.0,1.4,101491.7
25665,2314,UAE_440010,UAE,13,-17.66004,-52.3381,2026-09-17 06:00:00,12,2026-09-17 18:00:00,30,33.7,0.0,1.95,101461.8
25665,2314,UAE_440010,UAE,13,-17.66004,-52.3381,2026-09-17 06:00:00,12,2026-09-17 18:00:00,31,34.04,0.0,2.6,101441.0
25665,2314,UAE_440010,UAE,13,-17.66004,-52.3381,2026-09-17 06:00:00,12,2026-09-17 18:00:00,32,34.41,0.0,1.88,101482.8
25665,2314,UAE_440010,UAE,13,-17.66004,-52.3381,2026-09-17 06:00:00,12,2026-09-17 18:00:00,33,34.21,0.0,1.52,101439.5
25665,2314,UAE_440010,UAE,13,-17.66004,-52.3381,2026-09-17 06:00:00,12,2026-09-17 18:00:00,34,33.48,0.0,1.86,101490.6
25665,2314,UAE_440010,UAE,13,-17.66004,-52.3381,2026-09-17 06:00:00,12,2026-09-17 18:00:00,35,33.72,0.0,1.81,101431.4
