picId,clientId,name,unidade,lat,lon,quantidade_linhas_unidade
26108,2314,UCP_120002,UCP,-22.414486,-52.173444,28
25867,2314,UCP_120003,UCP,-22.15548,-51.93725,28
26124,2314,UCP_120007,UCP,-22.43875,-52.099453,28
26249,2314,UCP_120047,UCP,-22.448149,-52.220496,28
26114,2314,UCP_120052,UCP,-22.469219,-52.084815,28
13247,2314,UCP_120072,UCP,-22.34801,-52.26834,28
25865,2314,UCP_120089,UCP,-22.0687,-51.9146,28
26145,2314,UCP_120110,UCP,-22.35368,-52.35855,28
26222,2314,UCP_120116,UCP,-22.561271,-52.187249,28
25656,2314,UCP_120171,UCP,-22.306128,-52.200888,28
25262,2314,UCP_120204,UCP,-22.2032,-52.33885,28
25663,2314,UCP_120300,UCP,-22.22641,-52.09456,28
26232,2314,UCP_120345,UCP,-22.470616,-52.162091,28
26226,2314,UCP_120358,UCP,-22.376962,-52.180874,28
22915,2314,UCP_120364,UCP,-22.13654,-52.34378,28
19228,2314,UCP_120380,UCP,-22.272701,-52.176075,28
26250,2314,UCP_120384,UCP,-22.289614,-52.25926,28
26227,2314,UCP_120387,UCP,-22.3566,-52.5217,28
19171,2314,UCP_120442,UCP,-22.21484,-52.43011,28
16548,2314,UCP_120454,UCP,-22.35487,-52.119445,28
26131,2314,UCP_120460,UCP,-22.278781,-52.237634,28
26112,2314,UCP_120474,UCP,-22.09439,-52.14659,28
25989,2314,UCP_120490,UCP,-22.32888,-52.56191,28
26111,2314,UCP_128051,UCP,-22.28051,-52.06928,28
26113,2314,UCP_129041,UCP,-22.44812,-52.45569,28
26231,2314,UCP_129454,UCP,-22.0904,-52.04932,28
25955,2314,UCP_129502,UCP,-22.11716,-52.28379,28
25088,2314,UCP_129993,UCP,-22.397446,-52.106702,28
26224,2314,URC_210000,URC,-18.79607,-51.00996,26
25626,2314,URC_210004,URC,-18.851838,-51.059379,26
26176,2314,URC_210010,URC,-18.79015,-51.11736,26
25510,2314,URC_210012,URC,-18.917304,-50.889894,26
17218,2314,URC_210017,URC,-18.908012,-50.967876,26
26178,2314,URC_210046,URC,-18.77154,-51.28472,26
26228,2314,URC_210057,URC,-18.92968,-51.07291,26
19475,2314,URC_210059,URC,-18.71898,-51.22087,26
26235,2314,URC_210060,URC,-18.990916,-50.865204,26
26221,2314,URC_210100,URC,-19.09241,-51.13248,26
26186,2314,URC_210119,URC,-18.939597,-50.928263,26
13511,2314,URC_210130,URC,-18.85748,-50.9858,26
25737,2314,URC_210157,URC,-18.992915,-50.983234,26
26216,2314,URC_210166,URC,-18.90619,-51.13138,26
26237,2314,URC_210213,URC,-19.12862,-51.03129,26
25706,2314,URC_210227,URC,-18.71007,-50.98108,26
25746,2314,URC_210235,URC,-18.86963,-51.029703,26
26236,2314,URC_219013,URC,-18.72273,-51.03543,26
26052,2314,URC_219047,URC,-18.81054,-50.76714,26
13768,2314,URC_219052,URC,-18.69837,-50.87841,26
23991,2314,URC_219053 II,URC,-18.83906,-50.7905,26
14934,2314,URC_219081,URC,-18.76639,-50.85,26
26200,2314,URC_219101,URC,-18.80686,-50.82792,26
21800,2314,URC_219110,URC,-19.047334,-50.834288,26
26223,2314,URC_219111,URC,-19.009897,-50.746663,26
26229,2314,URC_219222,URC,-18.87219,-50.83422,26
25577,2314,USL_315408,USL,-21.719328,-54.090927,26
25708,2314,USL_320002,USL,-21.6273,-54.20304,26
23125,2314,USL_320013,USL,-21.44542,-54.11897,26
26109,2314,USL_320066,USL,-21.587583,-54.25226,26
26032,2314,USL_320084,USL,-21.68166,-54.15133,26
15022,2314,USL_320121,USL,-21.515079,-54.267676,26
23660,2314,USL_320145,USL,-21.494,-54.11643,26
25294,2314,USL_320168,USL,-21.47298,-54.19065,26
26033,2314,USL_320170,USL,-21.43475,-54.24102,26
25869,2314,USL_320184,USL,-21.670113,-54.250594,26
26024,2314,USL_320186,USL,-21.4114,-54.06578,26
21679,2314,USL_320207,USL,-21.55336,-54.1816,26
25619,2314,USL_320216,USL,-21.61851,-54.1514,26
26059,2314,USL_320316,USL,-21.452001,-54.459914,26
12696,2314,USL_320376,USL,-21.51258,-54.19062,26
25901,2314,USL_320387,USL,-21.5575,-54.12006,26
25471,2314,USL_320446,USL,-21.385063,-54.462821,26
13292,2314,USL_328085,USL,-21.5895,-53.94953,26
26063,2314,USL_328091,USL,-21.525018,-54.377292,26
25686,2314,USL_328303,USL,-21.455197,-54.535363,26
26034,2314,USL_328310,USL,-21.649536,-54.343751,26
22420,2314,USL_328323,USL,-21.36944,-54.16345,26
26129,2314,USL_328337,USL,-21.76589,-54.14717,26
26031,2314,USL_328401,USL,-21.64684,-54.0103,26
22764,2314,USL_328429,USL,-21.545,-54.02712,26
25585,2314,USL_329350,USL,-21.724367751,-54.3079433,26
26137,2314,UCR_430013,UCR,-18.439294,-53.194014,19
26127,2314,UCR_430028,UCR,-18.620581,-53.076687,19
25705,2314,UCR_430035,UCR,-18.367395,-53.19083,19
25284,2314,UCR_430038,UCR,-18.395072,-53.130407,19
16091,2314,UCR_430042,UCR,-18.35544,-53.30809,19
26014,2314,UCR_430069,UCR,-18.476075,-53.259297,19
26142,2314,UCR_430080,UCR,-18.5404,-53.309515,19
26136,2314,UCR_430082,UCR,-18.726293,-53.295587,19
26154,2314,UCR_430100,UCR,-18.72919,-53.23845,19
11649,2314,UCR_430188,UCR,-18.442711,-53.328876,19
26156,2314,UCR_430189,UCR,-18.457168,-53.454862,19
11064,2314,UCR_430193,UCR,-18.455733,-53.109513,19
14976,2314,UCR_430235,UCR,-18.51613,-53.04143,19
26134,2314,UCR_430250,UCR,-18.602664,-53.195763,19
26130,2314,UCR_430271,UCR,-18.54951,-53.08757,19
26146,2314,UCR_430278,UCR,-18.37928,-52.99697,19
25501,2314,UCR_430302,UCR,-18.511801,-53.216719,19
14720,2314,UCR_430314,UCR,-18.92452,-53.062048,19
26144,2314,UCR_439211,UCR,-18.78055,-53.17633,19
25370,2314,UMV_410036,UMV,-17.84905,-53.10391,17
25948,2314,UMV_410047,UMV,-17.787364,-52.866477,17
25349,2314,UMV_410050,UMV,-17.74627,-52.97339,17
11770,2314,UMV_410052,UMV,-17.69711,-53.11632,17
26055,2314,UMV_410060,UMV,-17.67181,-53.00486,17
25362,2314,UMV_410149,UMV,-17.67942,-53.19193,17
26016,2314,UMV_410172,UMV,-17.68703,-53.05093,17
21292,2314,UMV_410188,UMV,-17.75885,-53.13167,17
26015,2314,UMV_410205,UMV,-17.801945,-52.973335,17
25904,2314,UMV_410209,UMV,-17.695635,-52.945965,17
10725,2314,UMV_410228,UMV,-17.97149,-53.04733,17
22596,2314,UMV_410237,UMV,-17.63743,-53.08039,17
26086,2314,UMV_410247,UMV,-17.7553,-53.054473,17
26061,2314,UMV_418246,UMV,-17.627,-53.1307,17
26088,2314,UMV_418259,UMV,-17.73877,-52.76438,17
25290,2314,UMV_419033,UMV,-17.49263,-52.68559,17
26050,2314,UMV_419132,UMV,-17.56163,-52.87835,17
26037,2314,UAT_420004,UAT,-17.73622,-53.3182,16
26159,2314,UAT_420006,UAT,-17.6545937,-53.3175924,16
26053,2314,UAT_420026,UAT,-17.66554,-53.27472,16
25195,2314,UAT_420027,UAT,-17.89151,-53.19728,16
26157,2314,UAT_420031,UAT,-17.59259,-53.31711,16
26147,2314,UAT_420033,UAT,-17.50442,-53.3002,16
19879,2314,UAT_420048,UAT,-17.95031,-53.34072,16
26151,2314,UAT_420109,UAT,-17.53904,-53.50165,16
26150,2314,UAT_420120,UAT,-17.6786,-53.41716,16
26166,2314,UAT_420154,UAT,-17.41446,-53.34319,16
25314,2314,UAT_428001,UAT,-17.74048,-53.44137,16
25098,2314,UAT_428003,UAT,-17.78489,-53.38451,16
22774,2314,UAT_428079,UAT,-17.89667,-53.59128,16
26135,2314,UAT_429053,UAT,-17.75157,-53.24856,16
26102,2314,UAT_429059,UAT,-17.97345,-53.17618,16
25443,2314,UAT_429070,UAT,-17.8294,-53.23993,16
25665,2314,UAE_440010,UAE,-17.66004,-52.3381,13
11002,2314,UAE_440031,UAE,-17.72785,-52.40737,13
26025,2314,UAE_440037,UAE,-17.51801,-52.28823,13
26041,2314,UAE_440043,UAE,-17.6238,-52.46665,13
26042,2314,UAE_440061,UAE,-17.52854,-52.22775,13
26049,2314,UAE_440178,UAE,-17.37638,-52.50827,13
16272,2314,UAE_440235,UAE,-17.65046,-51.86691,13
25628,2314,UAE_440264,UAE,-17.5812,-52.36706,13
26045,2314,UAE_440286,UAE,-17.74924,-51.94314,13
26056,2314,UAE_440293,UAE,-17.57164,-52.29925,13
25664,2314,UAE_448060,UAE,-17.39922,-52.3558,13
26062,2314,UAE_449145,UAE,-17.44726,-52.96758,13
25249,2314,UAE_449203,UAE,-17.26479,-52.96622,13
13796,2314,UEL_310014,UEL,-21.8499,-54.21598,12
25744,2314,UEL_310031,UEL,-21.87163,-54.079,12
22923,2314,UEL_310102,UEL,-21.65768,-53.79838,12
26104,2314,UEL_310165,UEL,-21.705631,-53.987955,12
25717,2314,UEL_310210,UEL,-21.881881,-53.942005,12
26035,2314,UEL_310240,UEL,-21.81814,-53.86253,12
26065,2314,UEL_310268,UEL,-21.75892,-53.93119,12
26155,2314,UEL_310405,UEL,-21.80317,-54.32009,12
25352,2314,UEL_318346,UEL,-21.91083,-54.14432,12
26132,2314,UEL_318401,UEL,-21.70617,-53.87426,12
25317,2314,UEL_318908,UEL,-21.801336,-54.105838,12
26158,2314,UEL_320315,UEL,-21.868826,-54.307646,12